,dataset,k,fold_number,method,accuracy,precision,recall,F1-score
0,car,N/A,1,DTree,0.8063583813258045,0.8063583813258045,0.8063583813258045,0.8063583813258045
1,car,N/A,2,DTree,0.7832369940559324,0.7832369940559324,0.7832369940559324,0.7832369940559324
2,car,N/A,3,DTree,0.7630057801947944,0.7630057801947944,0.7630057801947944,0.7630057801947943
3,car,N/A,4,DTree,0.6376811593803823,0.6376811593404746,0.36974789920344614,0.4680851063965596
4,car,N/A,5,DTree,0.6840579709611426,0.6840579709077925,0.4191829485189404,0.5198237885375226
