,dataset,k,fold_number,method,accuracy,precision,recall
0,car,N/A,1,DTree,0.7199710564240253,0.7199710564081084,0.4615027829349256
1,car,N/A,2,DTree,0.7670043415297153,0.7754206290745544,0.1618567720365901
2,car,N/A,3,DTree,0.7416787264658699,0.7416787264483823,0.48902671755829896
3,car,N/A,4,DTree,0.7686189443045106,0.7686189442850877,0.5254572417177007
4,car,N/A,5,DTree,0.808387563245959,0.8083875632236606,0.5844223732269292
