,dataset,k,fold_number,method,accuracy,precision,recall
0,segmentation,N/A,1,DTree,0.35119047619366817,0.9999999983050847,0.004852771845618477
1,segmentation,N/A,2,DTree,0.35119047619366817,0.9999999983050847,0.004852771845618477
2,segmentation,N/A,3,DTree,0.7440476190349872,0.9765624992553711,0.059523809565759644
3,segmentation,N/A,4,DTree,0.9404761903263685,0.9404761899518141,0.7247706419956232
4,segmentation,N/A,5,DTree,7.086167800353087e-12,0.5,3.54308390020165e-12
