,dataset,k,fold_number,method,accuracy,precision,recall
0,car,N/A,1,DTree,0.7272069464522926,0.7422451993733759,0.08142266872589446
1,car,N/A,2,DTree,0.7988422575966903,0.8498845265050216,0.04399282726005982
2,car,N/A,3,DTree,0.7387843704712858,0.7430858806050821,0.22009053676567836
3,car,N/A,4,DTree,0.7483731019508691,0.7752808988351639,0.055997403023794856
4,car,N/A,5,DTree,0.7910339840914149,0.8332063975120781,0.04914424329950006
